,Channel,Region,Fresh,Milk,Grocery,Frozen,Detergents_Paper,Delicatessen,x_kpca_poly,y_kpca_poly,x_kpca_rbf,y_kpca_rbf,x_kpca_cos,y_kpca_cos
0,Retail,Other,12669,9656,7561,214,2674,1338,-0.2981455011525595,-0.3076719812826458,0.01929120312455266,-0.04352125537993326,0.50478930151584,0.009622306647378285
1,Retail,Other,7057,9810,9568,1762,3293,1776,-0.2726130325059709,-0.24876242458611034,0.05105268167686912,-0.07216121643895095,0.8899412223120098,-0.2628329463279437
2,Retail,Other,6353,8808,7684,2405,3516,7844,0.5578704880415544,-0.356102357730295,0.08574720526853885,0.005374805608346862,0.4739940541267172,0.23568683324586628
3,HoReCa,Other,13265,1196,4221,6404,507,1788,-0.2634188126883906,-0.4540227081713512,-0.10867146372972603,0.0618053575555065,-0.6186114271241638,0.3701305442802816
4,Retail,Other,22615,5410,7198,3915,1777,5185,0.12692164269260345,-0.4327330336684861,-0.010584823919029606,0.13039595190677222,0.06889953794312528,0.8618293827365124
5,Retail,Other,9413,8259,5126,666,1795,1451,-0.3070092865660386,-0.3932274030478147,-0.022689307544643263,-0.05591670815817777,0.10295629527946534,-0.3304564801092653
6,Retail,Other,12126,3199,6975,480,3140,545,-0.30381151276919177,-0.40763389268107375,-0.038561359407593275,-0.05299146967424458,-0.09216796241777606,-0.2898919276536128
7,Retail,Other,7579,4956,9426,1669,3321,2566,-0.2708609871435919,-0.34459349932142863,0.012456591797648141,-0.06284235014306147,0.5540934639173399,-0.34755086203661456
8,HoReCa,Other,5963,3648,6192,425,1716,750,-0.3085904866828047,-0.43173554094180616,-0.05537247231677773,-0.09219837799359773,-0.15578901423447644,-0.6896927304727348
9,Retail,Other,6006,11093,18881,1159,7425,2098,-0.21822231916402274,0.39784228719010994,0.2138076887411405,-0.10567076951374556,1.1648509491774435,0.023746724906468373
10,Retail,Other,3366,5403,12974,4400,5977,1744,-0.267595777947227,-0.15746193071258466,0.08343221612812225,-0.08421181820794553,0.8649020932926704,-0.19286306252342586
11,Retail,Other,13146,1124,4523,1420,549,497,-0.3050299690350554,-0.4462527274769139,-0.11163122641758064,-0.014823604315698237,-0.652441695278855,-0.10638673171860988
12,Retail,Other,31714,12319,11757,287,3881,2931,-0.10356968462704491,-0.0273204368567004,0.10230821405254911,0.12839447647789723,0.5189256754099233,0.8891844129165535
13,Retail,Other,21217,6208,14982,3095,6707,602,-0.2764184584189026,0.0030736813900530753,0.10155215337569967,0.030143154654894554,0.7459587900333245,0.6652437528164215
14,Retail,Other,24653,9465,12091,294,5058,2168,-0.22432587265085646,-0.061686609867631956,0.0920864602184881,0.05058129711099315,0.6716997036238866,0.7605400813714236
15,HoReCa,Other,10253,1114,3821,397,964,412,-0.29054593146059965,-0.4454046523816212,-0.1076602253552069,-0.05156733899690483,-0.5245171920456184,-0.3477885584442487
16,Retail,Other,1020,8816,12121,134,4508,1080,-0.3033882248047769,-0.16269507062885574,0.0858196710882331,-0.15028108744967572,0.851935813654664,-0.5460352667323773
17,HoReCa,Other,5876,6157,2933,839,370,4478,-0.1470975848442048,-0.452070783130672,-0.04972758049423028,-0.03899865898213934,-0.0332202932966469,-0.11493113644620075
18,Retail,Other,18601,6327,10099,2205,2767,3181,-0.17402286197948866,-0.32256701657614095,0.01840411352847461,0.042776531994356104,0.3876603752213999,0.8429922154646662
19,HoReCa,Other,7780,2495,9464,669,2518,501,-0.3010543559194859,-0.40257064286019895,-0.03142539069735838,-0.08575320971588823,0.044765436443674464,-0.5527699503922407
20,Retail,Other,17546,4519,4602,1066,2259,2124,-0.2916872427258564,-0.4258445092555899,-0.052685074365122944,0.02019007920357812,-0.30752089028589963,0.4431883052888924
21,HoReCa,Other,5567,871,2010,3383,375,569,-0.3099452492021494,-0.4229278704853105,-0.12828631164545032,-0.04423634915020913,-0.6188073618880081,-0.38761277604787375
22,HoReCa,Other,31276,1917,4469,9408,2381,4334,0.19915563842794068,-0.5010290581069262,-0.05330620023301337,0.2724725059522202,-0.15600433489142176,1.0050370853124675
23,Retail,Other,26373,36423,22019,5154,4337,16523,6.815609911752717,1.6934386261938463,0.48153651374055606,0.3263319956236015,0.706521334286283,0.625031246523566
24,Retail,Other,22647,9776,13792,2915,4482,5778,0.32675971442600077,-0.06446410136472394,0.12729016855284492,0.10548881573661723,0.65166474020812,0.8093177360160564
25,Retail,Other,16165,4230,7595,201,4003,57,-0.2898847683084981,-0.3676126454694703,-0.01660057966952401,-0.03186153735156394,0.11452974129428185,0.06812692646640463
26,HoReCa,Other,9898,961,2861,3151,242,833,-0.31483779602775813,-0.43246860113302743,-0.12623320839993843,-0.012384044993491843,-0.7423357127810754,-0.1765751160825628
27,HoReCa,Other,14276,803,3045,485,100,518,-0.29741308388636395,-0.43735932140166794,-0.12891977602172996,-0.010709830309424287,-0.6391505057184969,-0.07438347274703098
28,Retail,Other,4113,20484,25957,1158,8604,5206,0.3963560702830484,1.5256292130438616,0.4060158040037918,-0.06691009558998409,1.1249453280505726,0.21303748583376267
29,HoReCa,Other,43088,2100,2609,1200,1107,823,-0.2934215073644048,-0.4543479072672406,-0.09910289471760844,0.2461312632614061,-0.27649261022401983,0.8502143237539174
30,HoReCa,Other,18815,3610,11107,1148,2134,2963,-0.23877277891962198,-0.36784496131473027,-0.006548965667928594,0.03165333366555495,0.16493083317346688,0.6234542505990084
31,HoReCa,Other,2612,4339,3133,2088,820,985,-0.31801134320941377,-0.440150650329745,-0.08190986561616026,-0.08614389872922991,-0.3202832277448936,-0.6543615200910102
32,HoReCa,Other,21632,1318,2886,266,918,405,-0.29777843076003174,-0.45119504852425807,-0.11798378412475581,0.042953376176366194,-0.5331976714561588,0.30969511350508777
33,HoReCa,Other,29729,4786,7326,6130,361,1083,-0.23404385397296154,-0.440856828329846,-0.06717314637220556,0.18896420317247262,-0.2657127763492753,1.0160176758685073
34,HoReCa,Other,1502,1979,2262,425,483,395,-0.2825243684587114,-0.431124310644887,-0.10937543596189343,-0.11220734992404487,-0.3553345601724844,-0.6617378578423458
35,Retail,Other,688,5491,11091,833,4239,436,-0.3003026787302078,-0.2845043853309508,0.039355317630925535,-0.14838833626514603,0.6000385488030906,-0.6994720898570785
36,HoReCa,Other,29955,4362,5428,1729,862,4626,-0.028099787933821258,-0.45453938415963185,-0.04786021901594165,0.16819131212901547,-0.10896559076293667,0.8729278267081001
37,Retail,Other,15168,10556,12477,1920,6506,714,-0.27541573058046925,0.04826659169684554,0.12168745736388278,-0.029879362089009927,1.0110854714933872,0.35450716898714446
38,Retail,Other,4591,15729,16709,33,6956,433,-0.2646822477707131,0.4612409913969019,0.2234517100995397,-0.13294725170247057,1.0669990965728449,-0.08668972605110759
39,HoReCa,Other,56159,555,902,10002,212,2916,0.11743656124639132,-0.49366508139263987,-0.09197928408390893,0.4882255120259537,-0.26581608977093296,1.0520557688481051
40,HoReCa,Other,24025,4332,4757,9510,1145,5864,0.5211386864964702,-0.5306268248253913,-0.03549004979792707,0.23298080231253285,-0.07066330438118032,0.8768592401126596
41,HoReCa,Other,19176,3065,5956,2033,2575,2802,-0.250213278986651,-0.42531013619162983,-0.04667904386184767,0.04902793592945404,-0.22676153440559066,0.6812704745370017
42,Retail,Other,10850,7555,14961,188,6899,46,-0.28181392915672016,0.040217286936455654,0.12287208636156796,-0.09492180037452873,0.9339095988837429,-0.04149593103471435
43,Retail,Other,630,11095,23998,787,9529,72,-0.2562052639199857,0.84134618993139,0.28638601384716134,-0.16704276671254667,1.07821103053817,-0.12640716133471008
44,Retail,Other,9670,7027,10471,541,4618,65,-0.29457435048917147,-0.24187088414841645,0.04350567389968539,-0.08766822213818838,0.6993504189316263,-0.3014026813903075
45,Retail,Other,5181,22044,21531,1740,7353,4985,0.394885843093879,1.1699484872740247,0.36066102666854205,-0.050450125110166735,1.083771145978029,0.23881263381467813
46,Retail,Other,3103,14069,21955,1668,6792,1452,-0.21455318934983142,0.621696573276318,0.25574296231832283,-0.1209379129386992,1.13625408372397,-0.007844312938151387
47,Retail,Other,44466,54259,55571,7782,24171,6465,4.093732795802273,14.692915798649452,0.8419803142771373,0.3686979911072251,1.0468195374740166,0.6355703661769264
48,Retail,Other,11519,6152,10868,584,5121,1476,-0.2995132585838917,-0.21596353431575704,0.05388404572326199,-0.06407149146570838,0.8848206201740577,-0.06628411696761492
49,Retail,Other,4967,21412,28921,1798,13583,1163,-0.06482608794969186,2.5861114204334474,0.49376458454585476,-0.09404514473948238,1.1659077580747392,0.165532027745553
50,HoReCa,Other,6269,1095,1980,3860,609,2162,-0.29637895352261573,-0.43149394490007786,-0.11530267948384042,-0.021108900891813463,-0.582070611090514,-0.22619730411284591
51,HoReCa,Other,3347,4051,6996,239,1538,301,-0.2930473356730425,-0.4292404464320469,-0.047895865388571,-0.11753955361657879,-0.028722944939419355,-0.7430876992955523
52,Retail,Other,40721,3916,5876,532,2587,1278,-0.28195576058891964,-0.40382681984821006,-0.04277279319699648,0.20843222100452616,-0.08674957266417176,0.8909028791210408
53,Retail,Other,491,10473,11532,744,5611,224,-0.2957800760501953,-0.0782111991967772,0.1087672477999238,-0.1560770333523098,0.8740988275952085,-0.4758487853096409
54,HoReCa,Other,27329,1449,1947,2436,204,1333,-0.3033764973789319,-0.44462855482493063,-0.13021065772024998,0.1318116192029472,-0.5661236177888781,0.6849596429801805
55,HoReCa,Other,5264,3683,5005,1057,2024,1130,-0.3166737745118434,-0.432554913965748,-0.05759765575587335,-0.08704723205135804,-0.20194242985976452,-0.7210255982115943
56,Retail,Other,4098,29892,26866,2616,17740,1340,0.14101335852998673,4.031671047627667,0.6094793361999087,-0.05355914852493601,1.134548230271106,0.20080584685527672
57,Retail,Other,5417,9933,10487,38,7572,1282,-0.2904807039721234,0.016404434643237004,0.1304070775048375,-0.12568895258714735,0.9906745830480064,-0.24104973627313706
58,HoReCa,Other,13779,1970,1648,596,227,436,-0.29891900694571255,-0.4365101010193981,-0.1285164231160951,-0.01305155368292902,-0.6503694520222109,-0.1023503520359435
59,HoReCa,Other,6137,5360,8040,129,3084,1603,-0.31241665997320067,-0.36627107602407105,-0.0016139117888552133,-0.09765768631090291,0.3731213086902089,-0.6586893364667846
60,Retail,Other,8590,3045,7854,96,4095,225,-0.285289505143182,-0.38052670398453714,-0.016689082697690438,-0.09341087691452192,0.17949326231368706,-0.5060044485503938
61,Retail,Other,35942,38369,59598,3254,26701,2017,1.2368806766377975,13.099663179633296,0.8648046783651523,0.24429755381179355,1.0963961681567707,0.5179666938410357
62,Retail,Other,7823,6245,6544,4154,4074,964,-0.2998897025424542,-0.3546973375191977,-0.0005185477618028033,-0.04377650023086831,0.3534299733656383,-0.3086495975566465
63,Retail,Other,9396,11601,15775,2896,7677,1295,-0.23412128286160433,0.29891698303754316,0.18617448810011886,-0.06541848444233858,1.1558068953920957,0.17863504925210577
64,HoReCa,Other,4760,1227,3250,3724,1247,1145,-0.3161670433251774,-0.43868088892308094,-0.10200885200251436,-0.0493761144211477,-0.5182627933852383,-0.4322266616355372
65,Retail,Other,85,20959,45828,36,24231,1423,0.09731608801763422,6.7936615797931355,0.7454382883683368,-0.06533506205157538,1.148395738588308,0.13524693209006583
66,HoReCa,Other,9,1534,7417,175,3468,27,-0.25642439388539856,-0.4160073416350586,-0.033249720472733495,-0.1524772736029479,0.10625886719030354,-0.7534036783570165
67,Retail,Other,19913,6759,13462,1256,5141,834,-0.28988511488867436,-0.12126245446110806,0.0715947032593738,0.005902607167775862,0.7219711661891848,0.5778175984956201
68,HoReCa,Other,2446,7260,3993,5870,788,3095,-0.1471591713195843,-0.44847529597931957,-0.03936714058031607,-0.021406841402663253,-0.015172720740139907,-0.09582649452127723
69,HoReCa,Other,8352,2820,1293,779,656,144,-0.287797447444925,-0.4390176515485401,-0.11663640841520005,-0.05857528374337511,-0.5404623323910834,-0.41775175158718963
70,HoReCa,Other,16705,2037,3202,10643,116,1365,-0.18469117060427845,-0.4706413113118867,-0.11253901009635098,0.15089221182580959,-0.4214474336569585,0.5814482961589551
71,HoReCa,Other,18291,1266,21042,5373,4173,14472,3.001903732148119,-0.36679450725075735,0.2047062142622599,0.21317416513167922,0.42844677839838063,0.5388427699211276
72,HoReCa,Other,4420,5139,2661,8872,1321,181,-0.28528579019630157,-0.4545287538507027,-0.07747848926591878,0.010071765757151177,-0.2354513943970499,-0.0033438994733022685
73,Retail,Other,19899,5332,8713,8132,764,648,-0.23864544678413682,-0.42984068759232397,-0.048384305509986826,0.12266014453787455,-0.18846182834152417,0.8126110518976686
74,Retail,Other,8190,6343,9794,1285,1901,1780,-0.29758196275856424,-0.36046232848856086,0.00019349855055919782,-0.06341986887844105,0.4250958639726379,-0.45365346639421933
75,HoReCa,Other,20398,1137,3,4407,3,975,-0.3054147984057139,-0.4210526080689361,-0.15126037647529797,0.09866257206478349,-0.754524598694945,0.47757790413847306
76,HoReCa,Other,717,3587,6532,7530,529,894,-0.2882314312798132,-0.44963779743796384,-0.06678617566566622,-0.03344141445145296,-0.1647623281565936,-0.21796638427731985
77,Retail,Other,12205,12697,28540,869,12034,1009,-0.18717140749620767,1.6381339375533597,0.38104635002412385,-0.07416543065463352,1.1206394962774135,0.24194671092944953
78,HoReCa,Other,10766,1175,2067,2096,301,167,-0.29609255707576765,-0.43188238936295087,-0.132093004470392,-0.022336322555913456,-0.7004238678739123,-0.21788075684439487
79,HoReCa,Other,1640,3259,3655,868,1202,1653,-0.3186950327765693,-0.43836267331747497,-0.07452718244361262,-0.10450261318700728,-0.2098209709759299,-0.687186303690092
80,HoReCa,Other,7005,829,3009,430,610,529,-0.29001612786987263,-0.43519108204651474,-0.11662053315478184,-0.07175157599281086,-0.5043193191568102,-0.48017273279404005
81,Retail,Other,219,9540,14403,283,7818,156,-0.28152735984340704,0.13783764629108894,0.1615605564430131,-0.17294607468381343,0.9656659322700974,-0.3749778514272842
82,Retail,Other,10362,9232,11009,737,3537,2342,-0.25130889471048035,-0.2097679860273778,0.06393882713861329,-0.055928607027300715,0.9380307119266682,0.022311778152917856
83,HoReCa,Other,20874,1563,1783,2320,550,772,-0.3126293737754693,-0.44262840839446255,-0.1296363758888575,0.06779491872599255,-0.6908481647038806,0.4260821525637059
84,Retail,Other,11867,3327,4814,1178,3837,120,-0.29482987402186733,-0.4167915675396636,-0.04620876272163908,-0.049917509079121264,-0.1594503614157027,-0.27285492153587604
85,Retail,Other,16117,46197,92780,1026,40827,2944,2.224008779650001,28.785531906632244,0.8180240033507438,0.306472849473613,1.1496273046754093,0.3385310835504957
86,Retail,Other,22925,73498,32114,987,20070,903,1.7469782125138842,12.507997840317422,0.7509441869841783,0.2604598205086355,0.972482453199325,0.3833676285205048
87,HoReCa,Other,43265,5025,8117,6312,1579,14351,3.498056663800366,-0.7251615515777007,0.11458258557442437,0.423589072605329,0.17714702976729968,0.837456783915144
88,HoReCa,Other,7864,542,4042,9735,165,46,-0.28595530314246886,-0.4462815564849723,-0.12020120609714292,0.05453745250298851,-0.42010800751045513,0.14159061626856814
89,HoReCa,Other,24904,3836,5330,3443,454,3178,-0.16725509384360554,-0.45650471726087266,-0.07382767706403066,0.13261436601490825,-0.3295105011262154,0.9016782884608264
90,HoReCa,Other,11405,596,1638,3347,69,360,-0.30679495346810437,-0.42069240438047684,-0.14276058151924798,0.0022678706211683303,-0.7648710686059705,-0.08585343388841257
91,HoReCa,Other,12754,2762,2530,8693,627,1117,-0.2502979037294978,-0.4591770630195567,-0.10848745763232089,0.08566615049252045,-0.48746057038116863,0.3928984954587653
92,Retail,Other,9198,27472,32034,3232,18906,5130,0.8634578525307035,4.66244444814709,0.6611276984523662,0.017278270561458097,1.1548350904369962,0.34036820400825124
93,HoReCa,Other,11314,3090,2062,35009,71,2698,1.5791557708709618,-0.8187785316487489,0.04891881479757129,0.4527198420228438,-0.04139922301103582,0.5324876653575952
94,Retail,Other,5626,12220,11323,206,5038,244,-0.29403743749867606,-0.050197792660125126,0.11003138616823216,-0.12037336625682614,0.9028491020028352,-0.2678894435767465
95,HoReCa,Other,3,2920,6252,440,223,709,-0.30211637826678567,-0.4404965637621838,-0.07456058911463602,-0.12707737976041186,-0.15294248141700856,-0.7259523252920133
96,Retail,Other,23,2616,8118,145,3874,217,-0.2735495046940801,-0.3896600777626459,-0.012491586090491898,-0.15531567061078305,0.23756369873419245,-0.7668978256775626
97,HoReCa,Other,403,254,610,774,54,63,-0.2519878509130888,-0.39486538814831446,-0.13829701299345848,-0.11041205375637021,-0.4384791894903249,-0.6101071903197052
98,HoReCa,Other,503,112,778,895,56,132,-0.25748950691787853,-0.3947013509060908,-0.13824239126721025,-0.10816988168729726,-0.44474297540301494,-0.6054946701786984
99,HoReCa,Other,9658,2182,1909,5639,215,323,-0.3093921643770759,-0.43591647373601866,-0.127060670036278,0.015312955753748478,-0.6720002351437812,-0.012278377094864547
100,Retail,Other,11594,7779,12144,3252,8035,3029,-0.15525204225243225,0.039783622223331774,0.13561301297994827,-0.027910881906391863,1.0212350486524613,0.3420047572090171
101,Retail,Other,1420,10810,16267,1593,6766,1838,-0.24951007592573438,0.19769695266648532,0.17893699849887323,-0.13421367101848422,1.1107038954484227,-0.19909247065607938
102,Retail,Other,2932,6459,7677,2561,4573,1386,-0.3041267865155289,-0.3137028248037412,0.026598940478014626,-0.10178009365736228,0.6231288952200021,-0.6441470321122068
103,HoReCa,Other,56082,3504,8906,18028,1480,2498,0.6037632538579728,-0.5165371330378928,0.012306172504359333,0.5629111873688935,-0.0557964397201107,1.0789826233293736
104,HoReCa,Other,14100,2132,3445,1336,1491,548,-0.30807604226144464,-0.44822776989822455,-0.09905095685150841,-0.01167534016064317,-0.6290412356346767,-0.0566967193189363
105,HoReCa,Other,15587,1014,3970,910,139,1378,-0.31661680741968456,-0.4420664726869004,-0.1173292987668684,0.009737970643379288,-0.6500958512772906,0.09097042990690438
106,Retail,Other,1454,6337,10704,133,6830,1831,-0.3001406156777709,-0.13759443316238876,0.09432490986657324,-0.14853996310293502,0.8500377029836913,-0.4713498439595623
107,Retail,Other,8797,10646,14886,2471,8969,1438,-0.2419194151855807,0.33007378861092207,0.19347611965641712,-0.07785585694262888,1.1328766118030593,0.1254825523478922
108,Retail,Other,1531,8397,6981,247,2505,1236,-0.3128019841431257,-0.3562457477712213,0.01015106105376913,-0.1288222774843304,0.4199245156610685,-0.6923183687253207
109,Retail,Other,1406,16729,28986,673,836,3,-0.25862773987535276,0.5112851234124995,0.2388980804410421,-0.1202909990034663,0.8466076744483275,-0.03293784358576626
110,HoReCa,Other,11818,1648,1694,2276,169,1647,-0.31385144847518287,-0.43081002304218846,-0.12583454683648448,0.001097134624754304,-0.7471941380562044,-0.052369005114890274
111,Retail,Other,12579,11114,17569,805,6457,1519,-0.2450292260579436,0.27111420966571237,0.17791770315563882,-0.06035343415649615,1.1266111371117138,0.23324827708271656
112,HoReCa,Other,19046,2770,2469,8853,483,2708,-0.10043253720980908,-0.4774067279725044,-0.10224344327009256,0.1558731871175233,-0.42732050342881717,0.7242482326350225
113,HoReCa,Other,14438,2295,1733,3220,585,1561,-0.30615221649271107,-0.4416313040336438,-0.11833630075625928,0.030704952867373767,-0.7945223177263409,0.19983769694860629
114,HoReCa,Other,18044,1080,2000,2555,118,1266,-0.3132390394292676,-0.4345942552508654,-0.13420791324120643,0.05298043970882846,-0.7609371665114109,0.32180489391163564
115,HoReCa,Other,11134,793,2988,2715,276,610,-0.311051710106884,-0.4339963425969226,-0.12784630043698758,-0.009930842368889853,-0.7446736549222274,-0.1425020654685167
116,HoReCa,Other,11173,2521,3355,1517,310,222,-0.30072510730887375,-0.4449201900066275,-0.11272603607996629,-0.029141378873359196,-0.6432933308950812,-0.2430237116066707
117,HoReCa,Other,6990,3880,5380,1647,319,1160,-0.3179594298400834,-0.44246616724402577,-0.07959239907844533,-0.05789077865529614,-0.44558002428292737,-0.5152476244213482
118,HoReCa,Other,20049,1891,2362,5343,411,933,-0.2962000361980438,-0.448353840670535,-0.12561457429378928,0.10060936116627754,-0.6971472467333839,0.5924811188205427
119,HoReCa,Other,8258,2344,2147,3896,266,635,-0.31450399488242137,-0.43532275720358904,-0.1207431784980198,-0.017238253189747286,-0.6973197868558393,-0.22874081434465543
120,HoReCa,Other,17160,1200,3412,2417,174,1136,-0.31454494439430314,-0.44246277635841386,-0.1234975599304203,0.039708103905709294,-0.7517771197964331,0.2784161754866314
121,HoReCa,Other,4020,3234,1498,2395,264,255,-0.3038644610758233,-0.43227887356483957,-0.11471444146720178,-0.07031580669382992,-0.5004713871574351,-0.5266646762265582
122,HoReCa,Other,12212,201,245,1991,25,860,-0.31037697026165884,-0.40360735866667713,-0.15169894291454786,-0.0006496500227159758,-0.7554520510958851,-0.09267804919766019
123,Retail,Other,11170,10769,8814,2194,1976,143,-0.3037405858246033,-0.29747350027995884,0.020191222185143035,-0.03932804916356738,0.4593130169470622,0.005875231508595381
124,HoReCa,Other,36050,1642,2961,4787,500,1621,-0.24505095741178093,-0.4598275859054005,-0.11288686743547816,0.23837935193873913,-0.3941619148470354,0.941158657355025
125,HoReCa,Other,76237,3473,7102,16538,778,918,0.36904491483353813,-0.4888037267801443,0.019697564439649973,0.6639229979098267,-0.09843482792804516,1.0934505656951086
126,HoReCa,Other,19219,1840,1658,8195,349,483,-0.2773979876918395,-0.4496345602889892,-0.13127249201779748,0.130842627337705,-0.5803246006671853,0.5714711329502029
127,Retail,Other,21465,7243,10685,880,2386,2749,-0.2157314658892493,-0.2985726031432841,0.02276388384330579,0.04833601202587563,0.368246958378052,0.7896823044663959
128,HoReCa,Other,140,8847,3823,142,1062,3,-0.29624638458282115,-0.420037932736543,-0.03494871982887398,-0.13538859576366374,0.094249873072999,-0.6576480425920517
129,HoReCa,Other,42312,926,1510,1718,410,1819,-0.2722126922399878,-0.45100234947776396,-0.11865723845887843,0.25947537055444825,-0.3444181385930859,0.8609681703287703
130,HoReCa,Other,7149,2428,699,6316,395,911,-0.30175144381552144,-0.4309979200411599,-0.12534143847465484,0.010471766369882288,-0.5974332488235776,-0.05936316455418413
131,HoReCa,Other,2101,589,314,346,70,310,-0.2656162996410096,-0.39824855843352214,-0.1381070954451733,-0.10129462238308712,-0.46357850103453535,-0.5787137976395584
132,HoReCa,Other,14903,2032,2479,576,955,328,-0.29629585346279297,-0.44757383944918794,-0.1139773118217808,-0.010695025783895248,-0.6021386610561441,-0.049941192020879197
133,HoReCa,Other,9434,1042,1235,436,256,396,-0.2865102326282952,-0.4239425231536601,-0.13433383596105095,-0.048414973120354504,-0.6026583826788329,-0.3390176928857711
134,HoReCa,Other,7388,1882,2174,720,47,537,-0.29824166263858376,-0.43050773579619744,-0.12288119261947784,-0.06148260161576124,-0.5606181849094806,-0.44070519203264374
135,HoReCa,Other,6300,1289,2591,1170,199,326,-0.29067239933371886,-0.43031659776378206,-0.12310755212087111,-0.06741610718873024,-0.5495345274104396,-0.481597213353439
136,HoReCa,Other,4625,8579,7030,4575,2447,1542,-0.2658379378866,-0.3612905337259221,0.005236987090649686,-0.05066924733457393,0.37419446175195265,-0.28567550988021734
137,HoReCa,Other,3087,8080,8282,661,721,36,-0.30295988156947423,-0.3952403997124065,-0.01773312977491123,-0.11417037262792055,0.1925897487710515,-0.6077837322404094
138,HoReCa,Other,13537,4257,5034,155,249,3271,-0.25494003838188717,-0.44649420305911003,-0.06758418163233869,-0.002305554452061565,-0.2504550973156526,0.12383531051663267
139,HoReCa,Other,5387,4979,3343,825,637,929,-0.31624865606864105,-0.4410971572824136,-0.07940936921811168,-0.08007305194862371,-0.32611471389424257,-0.5968350946932289
140,HoReCa,Other,17623,4280,7305,2279,960,2616,-0.24792935066052585,-0.431137214458612,-0.05120966518366623,0.043054916081335146,-0.31234033212132256,0.6598433811338884
141,HoReCa,Other,30379,13252,5189,321,51,1450,-0.2416016082873248,-0.32925555286906016,-0.006194381505531277,0.13118308224914785,0.08226444234570134,0.7478100019184153
142,HoReCa,Other,37036,7152,8253,2995,20,3,-0.2829839679811623,-0.3990981914494742,-0.046885022853060815,0.20471611241565396,-0.1170838405711987,0.9194240321215176
143,HoReCa,Other,10405,1596,1096,8425,399,318,-0.2914629428262012,-0.4356889903825409,-0.1323110477856736,0.060956201661834054,-0.5512430953970939,0.18826236614005223
144,HoReCa,Other,18827,3677,1988,118,516,201,-0.2971564089783687,-0.4496508768306954,-0.1119276406868713,0.018454449528959763,-0.5274023981279828,0.1708198170267594
145,Retail,Other,22039,8384,34792,42,12591,4430,0.10544869597410145,1.9824056052136012,0.41863341286812694,0.02628100950678633,1.0061412291842273,0.4679103827562516
146,HoReCa,Other,7769,1936,2177,926,73,520,-0.30000683726710786,-0.4313614716304257,-0.12293811367834406,-0.056541790273729645,-0.5816546601821158,-0.42031726182497325
147,HoReCa,Other,9203,3373,2707,1286,1082,526,-0.30865467139520775,-0.4450792002278424,-0.09692993442439579,-0.04899182125965999,-0.5551952561024335,-0.40906123967553476
148,HoReCa,Other,5924,584,542,4052,283,434,-0.3075244492159589,-0.40668446353562354,-0.14235498912894307,-0.030200056098761734,-0.6515588861577448,-0.30337170976822675
149,HoReCa,Other,31812,1433,1651,800,113,1440,-0.3053168383062205,-0.44450991009088003,-0.12854703853078053,0.1533480228529892,-0.456829132562394,0.6874226156417557
150,HoReCa,Other,16225,1825,1765,853,170,1067,-0.31480447662509214,-0.43619044517822075,-0.12791022328139134,0.015164033325083074,-0.6826989462934026,0.09682478078859458
151,HoReCa,Other,1289,3328,2022,531,255,1774,-0.31857707371301847,-0.43119074373428107,-0.09613546059523179,-0.10104356986494546,-0.2983612222081765,-0.6123160418221651
152,HoReCa,Other,18840,1371,3135,3001,352,184,-0.3063831854683733,-0.44608340951532405,-0.12775287025026277,0.05309799399847188,-0.7130002608573719,0.3351669128548732
153,HoReCa,Other,3463,9250,2368,779,302,1627,-0.30841874680006504,-0.42510476111854656,-0.048272651844078314,-0.08491991877145647,-0.02530364034542299,-0.4570485160820832
154,HoReCa,Other,622,55,137,75,7,8,-0.2338763833733486,-0.38819397243596604,-0.14231200280325185,-0.11510519961523014,-0.43265451822584805,-0.6052285187176739
155,Retail,Other,1989,10690,19460,233,11577,2153,-0.22363636722068467,0.8237775613212929,0.29106935622884744,-0.15140739217263138,1.1168132100034913,-0.0654559765338909
156,Retail,Other,3830,5291,14855,317,6694,3182,-0.24225650152945047,-0.040318030854376345,0.1243126811253622,-0.11932370578726662,0.9241181923173326,-0.19372336360632192
157,HoReCa,Other,17773,1366,2474,3378,811,418,-0.3104508795399372,-0.4455045737278042,-0.12508091899402227,0.049222411043029296,-0.7434035398348677,0.31874657066891754
158,Retail,Other,2861,6570,9618,930,4004,1682,-0.3045740431099279,-0.2919018015475867,0.03799880041421446,-0.11905267457542706,0.7024510691760882,-0.6553976083360123
159,Retail,Other,355,7704,14682,398,8077,303,-0.28338296256269224,0.10035061905933215,0.15211908032552215,-0.17170237564349725,0.9403612623530487,-0.38563107995280327
160,Retail,Other,1725,3651,12822,824,4424,2157,-0.3016468488792063,-0.2647278793428584,0.050277168076627236,-0.1289838502211726,0.6645231945565454,-0.516650838714182
161,HoReCa,Other,12434,540,283,1092,3,2233,-0.31176622581323754,-0.40953210681429425,-0.13976389000139267,0.0018892159087535827,-0.6581413302534361,-0.036135882066172575
162,HoReCa,Other,15177,2024,3810,2665,232,610,-0.31351794722873094,-0.44609245327712777,-0.11626159071368257,0.020353691528622958,-0.7645751534462197,0.1432548606160351
163,Retail,Other,5531,15726,26870,2367,13726,446,-0.1772614318020302,1.9400324131365505,0.42241047753987787,-0.10661483731852969,1.1388115485652066,0.132385324568106
164,Retail,Other,5224,7603,8584,2540,3674,238,-0.3080693124448882,-0.3122900313352015,0.020692593375273752,-0.09083799587190738,0.5650524447037403,-0.5729601728157915
165,Retail,Other,15615,12653,19858,4425,7108,2379,-0.06420475286420171,0.5055596350008618,0.22424708201475993,0.015124402007031551,1.091875130905266,0.5584449005239861
166,Retail,Other,4822,6721,9170,993,4973,3637,-0.2006476874693764,-0.2540494862914941,0.06351887548668078,-0.0875660778341733,0.7468257192290533,-0.2147159080487939
167,HoReCa,Other,2926,3195,3268,405,1680,693,-0.3020214759775988,-0.44143990551842033,-0.07738297304002734,-0.10975060745025304,-0.23212997350560444,-0.7136260465230614
168,HoReCa,Other,5809,735,803,1393,79,429,-0.2913476209379033,-0.4082425675831392,-0.13959007726308972,-0.06288936602135213,-0.5933602969486714,-0.4486858678876739
169,HoReCa,Other,5414,717,2155,2399,69,750,-0.309502248928518,-0.41805018155873797,-0.1304101600319191,-0.05444737859024845,-0.6058119883148255,-0.43483591170012054
170,Retail,Other,260,8675,13430,1116,7015,323,-0.2926022478563,0.013346939757452518,0.1316052819639036,-0.16044863479066312,0.9371136427106042,-0.42375346809497816
171,Retail,Other,200,25862,19816,651,8773,6250,0.6810859895561295,1.4982838858896137,0.41626531254653204,-0.06911383725449617,1.0458569457826588,0.15647799940167395
172,HoReCa,Other,955,5479,6536,333,2840,707,-0.3070436682256002,-0.3958415786489394,-0.015883555585163897,-0.13742087534958014,0.2287608517176686,-0.8132785112588338
173,Retail,Other,514,7677,19805,937,9836,716,-0.27639162814228324,0.47802708372923114,0.2275305726772578,-0.1666407156853668,1.033470310204402,-0.2015538996084372
174,HoReCa,Other,286,1208,5241,2515,153,1442,-0.3179683000362172,-0.43342512233239733,-0.09473495703899118,-0.0921437321972063,-0.31737100013397695,-0.5990677786968777
175,Retail,Other,2343,7845,11874,52,4196,1697,-0.2998370968633218,-0.2040787340155408,0.0726652914502869,-0.13544039241470296,0.8394931227789244,-0.5293644010361322
176,HoReCa,Other,45640,6958,6536,7368,1532,230,-0.1898384935344145,-0.3908152811581164,-0.03176705563439837,0.33402455502521294,-0.08879035061261199,1.0591127672827374
177,HoReCa,Other,12759,7330,4533,1752,20,2631,-0.24668901304387075,-0.4352881925583739,-0.05591251930025373,0.005608518303001221,-0.25326687797049413,0.1892885154456858
178,HoReCa,Other,11002,7075,4945,1152,120,395,-0.3136174010051319,-0.43400155926516215,-0.06598344419083266,-0.03654543048167107,-0.3103192412027101,-0.215309617337146
179,HoReCa,Other,3157,4888,2500,4477,273,2165,-0.27193476968727853,-0.4451984340063456,-0.0842260521607757,-0.03795187261127666,-0.3471762952873321,-0.3125553455337882
180,HoReCa,Other,12356,6036,8887,402,1382,2794,-0.2600943043456762,-0.38642544489419933,-0.011672190046433963,-0.026522751949987794,0.19686770367664438,0.08479873003159392
181,HoReCa,Other,112151,29627,18148,16745,4948,8550,5.053916985414781,1.5579348229665029,0.36099621062178927,0.7578975568772353,0.3152045436812063,1.1439804016893556
182,HoReCa,Other,694,8533,10518,443,6907,156,-0.2886777149592967,-0.09259825546667942,0.10398321457955892,-0.16286678410242883,0.8311824882809429,-0.49936795757735397
183,HoReCa,Other,36847,43950,20170,36534,239,47943,59.0865428057641,-3.579204518350173,0.4120687696105091,0.4546628177916978,0.41673114892956625,0.6588168363489146
184,HoReCa,Other,327,918,4710,74,334,11,-0.25003815123702466,-0.43763213760358477,-0.10176911841289246,-0.12959211666279216,-0.27185175891013097,-0.6862967657639931
185,HoReCa,Other,8170,6448,1139,2181,58,247,-0.3132875076840191,-0.439533284888769,-0.09836656945954118,-0.04026657968770156,-0.4720819097691625,-0.3129067705932398
186,HoReCa,Other,3009,521,854,3470,949,727,-0.31035962851215576,-0.41566957610548727,-0.12708274157792224,-0.061688281654867665,-0.5315603461492004,-0.46343371433990566
187,HoReCa,Other,2438,8002,9819,6269,3459,3,-0.2964301358058726,-0.3027962975276291,0.03045537686508347,-0.06541802401666026,0.45100536556444293,-0.22498697399627546
188,Retail,Other,8040,7639,11687,2758,6839,404,-0.29620217243162916,-0.0768273444022715,0.09586550020661957,-0.08162183782304439,0.9625526445008298,-0.10460441039474001
189,Retail,Other,834,11577,11522,275,4027,1856,-0.2768282496482363,-0.121149022018455,0.10366294058188741,-0.13860083802054307,0.889065122359742,-0.40806203373128747
190,HoReCa,Other,16936,6250,1981,7332,118,64,-0.28524991189696663,-0.45208596600675965,-0.10049937552384888,0.09569115210591539,-0.4709306999770349,0.5091314064620935
191,HoReCa,Other,13624,295,1381,890,43,84,-0.27803125545823454,-0.42110094110289636,-0.14646850070240802,-0.010438794637208206,-0.6786307136761252,-0.10904454061333153
192,HoReCa,Other,5509,1461,2251,547,187,409,-0.2871779456867458,-0.42872296295610995,-0.12198641194189119,-0.07922345414381435,-0.4994055582945397,-0.5229350079881544
193,Retail,Other,180,3485,20292,959,5618,666,-0.29368785624642596,-0.009984722718754602,0.12364598901769552,-0.15862907156937495,0.7968536434099996,-0.3468597933351004
194,HoReCa,Other,7107,1012,2974,806,355,1142,-0.31244503775064336,-0.43147228151586786,-0.1164653541612989,-0.0607264202498463,-0.5439638783247038,-0.4407065175644157
195,HoReCa,Other,17023,5139,5230,7888,330,1755,-0.18820449411550075,-0.46090067580183514,-0.07424997168556279,0.11180870204334094,-0.3678536931275425,0.7252004611811519
196,HoReCa,Lisbon,30624,7209,4897,18711,763,2876,0.5986915999715634,-0.5561772484731983,-0.014007144900690946,0.3897712660345559,-0.05452997962374798,0.8890435523339489
197,Retail,Lisbon,2427,7097,10391,1127,4314,1468,-0.3044003927815036,-0.2539472998156086,0.05254640437070822,-0.12406482234819993,0.7896697995948206,-0.6198985665561711
198,HoReCa,Lisbon,11686,2154,6824,3527,592,697,-0.31399603092078143,-0.44671050078362495,-0.08713493608480427,-0.004105173214253519,-0.6570585793602712,-0.02654335078701769
199,HoReCa,Lisbon,9670,2280,2112,520,402,347,-0.29317653047012765,-0.43910052210330636,-0.11831577405021382,-0.04964270781578013,-0.5709611760597476,-0.35539954467164686
200,Retail,Lisbon,3067,13240,23127,3941,9959,731,-0.21074517142172833,0.9716060738055032,0.30524416146689903,-0.10836533702283321,1.1243899280392244,0.06766620308663236
201,Retail,Lisbon,4484,14399,24708,3549,14235,1681,-0.1149806782948681,1.7524091901773629,0.4077133414956684,-0.09523671598147215,1.1428327809286287,0.1543941542202258
202,HoReCa,Lisbon,25203,11487,9490,5065,284,6854,0.7367849690332267,-0.37615468329295154,0.05609287583912855,0.19406195927696543,0.2763648341115679,0.853183337893786
203,HoReCa,Lisbon,583,685,2216,469,954,18,-0.250704493757633,-0.4287389970574872,-0.11322668195859334,-0.12200739397333177,-0.3390089662318431,-0.6694526312313409
204,HoReCa,Lisbon,1956,891,5226,1383,5,1328,-0.31606240870330216,-0.43238316496111295,-0.10047211984236246,-0.09308671990646707,-0.35561628681630675,-0.5964675471590707
205,Retail,Lisbon,1107,11711,23596,955,9265,710,-0.253297628240828,0.8349227661383956,0.28743605070141165,-0.15688208364555167,1.1128785402030443,-0.0941205243090151
206,HoReCa,Lisbon,6373,780,950,878,288,285,-0.28053226597444975,-0.4157437893768912,-0.13606249362061457,-0.06709559581160221,-0.5681218183581825,-0.45535092078116574
207,Retail,Lisbon,2541,4737,6089,2946,5316,120,-0.30288682588864696,-0.3519735283687435,0.004386336773138805,-0.1099168962341149,0.3374341673588881,-0.5994123402658552
208,HoReCa,Lisbon,1537,3748,5838,1859,3381,806,-0.312932162802076,-0.40860145816176213,-0.029709883631023927,-0.11618659708778638,0.09936613299069663,-0.7978317747787169
209,Retail,Lisbon,5550,12729,16767,864,12420,797,-0.24731266346900121,0.8740761275227059,0.28956294269073135,-0.1285462837849316,1.0912672020760856,0.009986998548040058
210,HoReCa,Lisbon,18567,1895,1393,1801,244,2100,-0.2998101594133872,-0.43845564246279845,-0.12458139915149061,0.05536797398990849,-0.6723250657573945,0.36605701731772866
211,Retail,Lisbon,12119,28326,39694,4736,19410,2870,0.6024137072628288,5.8005695130477495,0.7109238503190758,0.043804552659893164,1.1532353989880133,0.3692337899697509
212,HoReCa,Lisbon,7291,1012,2062,1291,240,1775,-0.31790700325580384,-0.42450634413519045,-0.12120221145203594,-0.04597976336679152,-0.579675994885128,-0.355053746654717
213,HoReCa,Lisbon,3317,6602,6861,1329,3961,1215,-0.31227918201232785,-0.3436418292347045,0.011920490590546479,-0.11100412408155588,0.49020536013560384,-0.7425799292589752
214,Retail,Lisbon,2362,6551,11364,913,5957,791,-0.30359201564591876,-0.16916387554981333,0.0785321151191744,-0.13992338819740666,0.8383233378532868,-0.5298286645421152
215,HoReCa,Lisbon,2806,10765,15538,1374,5828,2388,-0.22390516751597986,0.10249411579598841,0.15930858220333624,-0.11818709439179977,1.1064190909578606,-0.1619321010840459
216,Retail,Lisbon,2532,16599,36486,179,13308,674,-0.14481932161561306,2.768610592379569,0.50588491188528,-0.13011228495663196,1.1390239408813905,0.08457074232392059
217,HoReCa,Lisbon,18044,1475,2046,2532,130,1158,-0.3136788329522176,-0.4371631610887184,-0.13152493872294363,0.05137287773807274,-0.7611033417644161,0.3229265974243891
218,Retail,Lisbon,18,7504,15205,1285,4797,6372,0.17619489219085735,-0.10599152349694407,0.14525759779731623,-0.08868463553725962,0.7544789819835659,-0.023527539845811393
219,HoReCa,Lisbon,4155,367,1390,2306,86,130,-0.284289767324144,-0.4079168994456383,-0.13898951989297192,-0.06754004431965677,-0.5687787150694903,-0.4771726389665569
220,HoReCa,Lisbon,14755,899,1382,1765,56,749,-0.31079274137555507,-0.4246769753660463,-0.14096557971143256,0.013364441665066092,-0.7545718019342869,0.032732446395004465
221,HoReCa,Lisbon,5396,7503,10646,91,4167,239,-0.29648542310893616,-0.2503419237405357,0.047339891044551656,-0.12255547198245567,0.6946544564301753,-0.5369351169322306
222,HoReCa,Lisbon,5041,1115,2856,7496,256,375,-0.3026086994952006,-0.4341308663683463,-0.12211168304557157,0.004003248294459598,-0.485995965714885,-0.09218928480720547
223,Retail,Lisbon,2790,2527,5265,5612,788,1360,-0.29909809277996297,-0.44637876065758136,-0.08133065166877033,-0.03975744842657209,-0.33173152398805844,-0.322489190509912
224,HoReCa,Lisbon,7274,659,1499,784,70,659,-0.29650441102521613,-0.4159535367504832,-0.13512160234129736,-0.0583899642249042,-0.5923610281414083,-0.4125901257632009
225,HoReCa,Lisbon,12680,3243,4157,660,761,786,-0.31252014295847613,-0.4466857676579434,-0.09240879161620989,-0.02725350578793375,-0.5605334727136602,-0.178411577762128
226,Retail,Lisbon,20782,5921,9212,1759,2568,1553,-0.28393550296987957,-0.3476914217823208,-0.0072388385233028655,0.04251173315249876,0.1329273441343156,0.8571781391372228
227,HoReCa,Lisbon,4042,2204,1563,2286,263,689,-0.3109438746530285,-0.42592405549058526,-0.11978035746359113,-0.06778975057065585,-0.5354552008010541,-0.5179441841464487
228,HoReCa,Lisbon,1869,577,572,950,4762,203,-0.264657218825961,-0.43846596778620256,-0.07238556484980709,-0.12143010231963917,-0.13055924098222285,-0.5950191424120795
229,HoReCa,Lisbon,8656,2746,2501,6845,694,980,-0.2911107596783729,-0.4485806254908472,-0.10780438026565366,0.024802937601237543,-0.5514546450562787,0.07100006138114917
230,Retail,Lisbon,11072,5989,5615,8321,955,2137,-0.15267651175365143,-0.45316401311640553,-0.04969932882370508,0.06781430733351071,-0.17683637187318302,0.4733125592431225
231,HoReCa,Lisbon,2344,10678,3828,1439,1566,490,-0.31413909830360925,-0.3870462227191098,-0.013709145994286772,-0.10365923060647039,0.20444983482959217,-0.5163374815235822
232,HoReCa,Lisbon,25962,1780,3838,638,284,834,-0.3102920102819403,-0.4516729505233179,-0.11484511199938559,0.08985186123212821,-0.48469216089871453,0.5482666357857147
233,HoReCa,Lisbon,964,4984,3316,937,409,7,-0.2885773174955538,-0.4428681126939154,-0.08223823648328617,-0.11642811895320775,-0.21456853452728347,-0.6918409452999182
234,HoReCa,Lisbon,15603,2703,3833,4260,325,2563,-0.24068949613911397,-0.45526776963644056,-0.0985041199508714,0.06050443136919885,-0.6453219304917316,0.4910920938924907
235,HoReCa,Lisbon,1838,6380,2824,1218,1216,295,-0.30656896955055163,-0.43688266832892714,-0.06347443442628073,-0.10900596501144101,-0.12927279600797503,-0.6864091903181624
236,HoReCa,Lisbon,8635,820,3047,2312,415,225,-0.29731707127948714,-0.4344257713457546,-0.12483561182647,-0.03842549547485599,-0.6499483625951311,-0.33058036942470725
237,HoReCa,Lisbon,18692,3838,593,4634,28,1215,-0.2917516199739619,-0.44156776124854186,-0.12570167515928277,0.08657996021060532,-0.7201730603772533,0.5185874330461432
238,HoReCa,Lisbon,7363,475,585,1112,72,216,-0.27892448077000753,-0.4065673243434386,-0.14494148113720498,-0.05501165107839827,-0.6168923602685786,-0.39243435691174106
239,HoReCa,Lisbon,47493,2567,3779,5243,828,2253,-0.13791978149057796,-0.46344592566263904,-0.0797674057114477,0.34699147908566,-0.2276389908919568,1.03722931284182
240,HoReCa,Lisbon,22096,3575,7041,11422,343,2564,0.019547545617619688,-0.4929194494775612,-0.06272133252959723,0.21121775241782942,-0.1976470928858397,0.8477095787685671
241,HoReCa,Lisbon,24929,1801,2475,2216,412,1047,-0.3098141414493126,-0.4477899740968363,-0.1234736806063274,0.10332335969571532,-0.5898035570727486,0.6153098951874885
242,HoReCa,Lisbon,18226,659,2914,3752,586,578,-0.3110416865911649,-0.44313981407215264,-0.1297230862124286,0.06002754235484195,-0.7459744003815223,0.36771476960411587
243,HoReCa,Lisbon,11210,3576,5119,561,1682,2398,-0.2997039435793498,-0.4354538239360605,-0.05858183865316027,-0.033254991121755,-0.284508487741069,-0.16244516540307258
244,HoReCa,Lisbon,6202,7775,10817,1183,3143,1970,-0.28349293054035396,-0.27367530397864875,0.043118024887522415,-0.08561545057197387,0.8385841247557093,-0.41766669097654624
245,Retail,Lisbon,3062,6154,13916,230,8933,2784,-0.2570512640067119,0.10833746805286464,0.15983017744866884,-0.13523548219446538,0.9707709367600967,-0.1887147657624041
246,HoReCa,Lisbon,8885,2428,1777,1777,430,610,-0.31015767892617396,-0.4355596318573911,-0.11917316437813398,-0.038940964199071414,-0.6531311468261453,-0.34421112680290056
247,HoReCa,Lisbon,13569,346,489,2077,44,659,-0.3076561302263597,-0.409981704895483,-0.1508965310891617,0.009070755656267696,-0.7656861347274512,-0.025927220475877498
248,HoReCa,Lisbon,15671,5279,2406,559,562,572,-0.3121275942029355,-0.4453136840536524,-0.09371222169143743,-0.00174133311602457,-0.5078678605800042,0.057873654093068105
249,HoReCa,Lisbon,8040,3795,2070,6340,918,291,-0.30634847147316757,-0.4479294248653361,-0.1030150022529203,0.006662809359833512,-0.5182810145462841,-0.03835826167848596
250,HoReCa,Lisbon,3191,1993,1799,1730,234,710,-0.3074917344042224,-0.42498280872810273,-0.11832954496003767,-0.08064529705193345,-0.4879973032344803,-0.5679022758598261
251,Retail,Lisbon,6134,23133,33586,6746,18594,5121,0.9094850296112604,4.194523790813681,0.6320517114266575,0.021643720422272847,1.137994708359249,0.3465214480089539
252,HoReCa,Lisbon,6623,1860,4740,7683,205,1693,-0.25375162238093596,-0.45479738484451343,-0.09862704774906661,0.025894836058786654,-0.4194826384238011,0.07855046373109686
253,HoReCa,Lisbon,29526,7961,16966,432,363,1391,-0.2586769591000988,-0.22004167500567212,0.04137860642502657,0.10593056061313993,0.30367055628435263,0.7772690762746232
254,HoReCa,Lisbon,10379,17972,4748,4686,1547,3265,0.048009642066415205,-0.22808303300222016,0.07226793225932245,0.031157700453152363,0.47674475162411095,0.35692272338623376
255,HoReCa,Lisbon,31614,489,1495,3242,111,615,-0.3037167470941751,-0.43951527303619803,-0.14357310332928327,0.17553508989816408,-0.539007532253207,0.7302206284829815
256,HoReCa,Lisbon,11092,5008,5249,453,392,373,-0.3067325077203225,-0.4428918785650311,-0.07630053864664091,-0.046014898663563925,-0.38219595367490095,-0.2988959726288301
257,HoReCa,Lisbon,8475,1931,1883,5004,3593,987,-0.3102946072377715,-0.4433059102377327,-0.07766808742788477,-0.015172460259624114,-0.40214574272630993,-0.11800008056732035
258,HoReCa,Lisbon,56083,4563,2124,6422,730,3321,0.1025073354755436,-0.4702838293979887,-0.054646968327017646,0.4448051453623167,-0.1628704555941444,1.0778692468338575
259,HoReCa,Lisbon,53205,4959,7336,3012,967,818,-0.2306107440403886,-0.40122073156602345,-0.03677191295306772,0.3500754865142074,-0.09352744079507008,1.0035735458937045
260,HoReCa,Lisbon,9193,4885,2157,327,780,548,-0.3076466433683718,-0.44419209134365284,-0.09112893534695954,-0.057675001998368294,-0.42882431566627505,-0.4023399908508336
261,HoReCa,Lisbon,7858,1110,1094,6818,49,287,-0.30514508014294944,-0.41868953423035404,-0.1401163247291875,0.020271508878465877,-0.6155703943926601,-0.02407988569791358
262,HoReCa,Lisbon,23257,1372,1677,982,429,655,-0.30830817230388363,-0.44256597422802785,-0.13212488785190007,0.07219456263039627,-0.5983790011843201,0.420435294535786
263,HoReCa,Lisbon,2153,1115,6684,4324,2894,411,-0.3096408254695051,-0.42978074167496977,-0.0561259253629809,-0.08140098088404081,-0.1270837881883382,-0.5301142301345839
264,Retail,Lisbon,1073,9679,15445,61,5980,1265,-0.28993901169022335,0.0622542422142294,0.14687557086057917,-0.15647807742028788,1.0165863828838955,-0.36168290664803565
265,HoReCa,Lisbon,5909,23527,13699,10155,830,3636,0.564041461763035,0.12878816974897583,0.19345072609742675,0.07969689419015999,0.6307447859594297,0.4034678491899801
266,Retail,Lisbon,572,9763,22182,2221,4882,2563,-0.19163396807699762,0.24569284967645869,0.19417615340202365,-0.12133900998117164,1.0322554849906118,-0.09417391606309795
267,HoReCa,Lisbon,20893,1222,2576,3975,737,3628,-0.1646931875450754,-0.46178269561385565,-0.1052666278094272,0.11306293829630047,-0.48173480393655266,0.6669117174377438
268,Retail,Lisbon,11908,8053,19847,1069,6374,698,-0.27968946689534996,0.21898901299148885,0.16271161238708468,-0.07220785018074335,1.0294519731643248,0.15140303999570645
269,HoReCa,Lisbon,15218,258,1138,2516,333,204,-0.2986159097893136,-0.4229552015457577,-0.14716547026825616,0.02163558023197895,-0.75611358330375,0.06445335715384233
270,HoReCa,Lisbon,4720,1032,975,5500,197,56,-0.3042200703107378,-0.4131395761861635,-0.13805699889394862,-0.0239393301628689,-0.5808961495440824,-0.26085672095643
271,HoReCa,Lisbon,2083,5007,1563,1120,147,1550,-0.31849132112634776,-0.43456268017183064,-0.09097901072381087,-0.08976445279362598,-0.30298741848933225,-0.583104616783967
272,HoReCa,Lisbon,514,8323,6869,529,93,1040,-0.31646917057556645,-0.41207047411099545,-0.026508764329749173,-0.12108426817215304,0.14454654241797962,-0.6306363917792026
273,HoReCa,Other,36817,3045,1493,4802,210,1824,-0.22138241898048172,-0.4571378976200295,-0.11387850846605935,0.25067452536497825,-0.38953911206474456,0.9510026125502622
274,HoReCa,Other,894,1703,1841,744,759,1153,-0.3095417296208513,-0.4264235581064764,-0.10639986537573572,-0.10798688634799392,-0.34732141148243906,-0.6526842234280258
275,HoReCa,Other,680,1610,223,862,96,379,-0.2807866673477928,-0.4052055670656096,-0.1300153937003604,-0.10628572928005332,-0.42762570441522296,-0.615821529551626
276,HoReCa,Other,27901,3749,6964,4479,603,2503,-0.18697047060558528,-0.44762624184428496,-0.06600569228377477,0.16283123311079128,-0.27814177815229035,1.0188084618607574
277,HoReCa,Other,9061,829,683,16919,621,139,-0.13967858908327435,-0.4711442997402492,-0.10912756238500039,0.17692155398097034,-0.26296602278913445,0.35194919920138745
278,HoReCa,Other,11693,2317,2543,5845,274,1409,-0.2864932116553956,-0.4455390179478006,-0.11664078793251417,0.04158295231991547,-0.6946218480416083,0.20768777142722078
279,Retail,Other,17360,6200,9694,1293,3620,1721,-0.2847404427689153,-0.29892200131030844,0.018048125479494418,0.0030628140517506906,0.5116506039509301,0.6241113802738133
280,HoReCa,Other,3366,2884,2431,977,167,1104,-0.31493280167151966,-0.4327456528365178,-0.10532126636706148,-0.08654523743693009,-0.417147535910231,-0.5939857504811054
281,Retail,Other,12238,7108,6235,1093,2328,2079,-0.2841300468601767,-0.38223107477887763,-0.01516488461447464,-0.02742046494277408,0.14876709501423796,-0.00059870606234475
282,HoReCa,Other,49063,3965,4252,5970,1041,1404,-0.1661829739905565,-0.44916378453428907,-0.06688058874843311,0.3606281785916068,-0.190984774936972,1.0502408553035447
283,HoReCa,Other,25767,3613,2013,10303,314,1384,-0.14844048772618393,-0.4763113682320634,-0.1074411332720744,0.2236302266908842,-0.39190332067074424,0.8441473015641753
284,HoReCa,Other,68951,4411,12609,8692,751,2406,0.20115310262392075,-0.353842684783463,0.030932830101261827,0.5473081216943416,-0.006435035133445242,1.1186139335740113
285,HoReCa,Other,40254,640,3600,1042,436,18,-0.29096823486583456,-0.4584517598348248,-0.1179784878137799,0.2149930136931347,-0.3421530962515591,0.7620946764219412
286,HoReCa,Other,7149,2247,1242,1619,1226,128,-0.2908898184844304,-0.4393137558509767,-0.11388995544298255,-0.061026901826568336,-0.5422523264981248,-0.4601521917206646
287,HoReCa,Other,15354,2102,2828,8366,386,1027,-0.25870282097653324,-0.4568157901332131,-0.11688441877580488,0.10281061207700062,-0.5443392089972953,0.4857570250253532
288,HoReCa,Other,16260,594,1296,848,445,258,-0.28960995400594386,-0.4312585630171945,-0.1402649535474971,0.009480232456733682,-0.672720686223988,0.03384249186013096
289,HoReCa,Other,42786,286,471,1388,32,22,-0.2899269979901458,-0.43892533387897625,-0.14189495253108642,0.24847922643176557,-0.40186338234092933,0.7597791913283872
290,HoReCa,Other,2708,2160,2642,502,965,1522,-0.31698690085345194,-0.43525641035970747,-0.0945906447542273,-0.09783748424180198,-0.3272679213086971,-0.6267451102265873
291,HoReCa,Other,6022,3354,3261,2507,212,686,-0.31552748942773196,-0.4406847342844398,-0.1027901394407641,-0.05401888119594319,-0.5528072197386007,-0.4785700603728729
292,HoReCa,Other,2838,3086,4329,3838,825,1060,-0.3155216997661184,-0.44229528567400783,-0.08465928144595489,-0.06402568936793382,-0.38133251414055214,-0.5336908398558244
293,Retail,Porto,3996,11103,12469,902,5952,741,-0.2921774400840923,0.006975785530023432,0.12735059359266127,-0.12694717415794868,1.0172776927652474,-0.28866521440285875
294,HoReCa,Porto,21273,2013,6550,909,811,1854,-0.304592089797679,-0.44573384567535296,-0.08129271502319427,0.053394806081008425,-0.41054388859399904,0.5322166581846708
295,Retail,Porto,7588,1897,5234,417,2208,254,-0.28510454716343275,-0.4423540685917421,-0.07300367679727932,-0.08326322566372689,-0.2815940884995111,-0.5610662160377988
296,HoReCa,Porto,19087,1304,3643,3045,710,898,-0.312403389839322,-0.4487036541949249,-0.11658612620616371,0.05844712901060026,-0.7170561951229482,0.4360765911399174
297,Retail,Porto,8090,3199,6986,1455,3712,531,-0.30675787103831137,-0.3963467218822954,-0.028242119511521738,-0.07674098990277795,0.04052594834961586,-0.5972135704297662
298,Retail,Porto,6758,4560,9965,934,4538,1037,-0.31017818313556694,-0.3032058476622719,0.02403886629853,-0.09764367165854093,0.6179558520240049,-0.5633892876545616
299,HoReCa,Porto,444,879,2060,264,290,259,-0.26362723814783745,-0.41937638426497126,-0.11995500845449325,-0.11966167255975133,-0.3654361422116817,-0.6564912695521127
300,Retail,Porto,16448,6243,6360,824,2662,2005,-0.2874846699915448,-0.3814328069846266,-0.019193258647321475,0.0017917558691055457,0.05146394560857454,0.4215357179792831
301,Retail,Porto,5283,13316,20399,1809,8752,172,-0.2558255017518529,0.6940444688787273,0.25850746911302386,-0.11967552774407103,1.1150820869527953,0.00746427312012683
302,Retail,Porto,2886,5302,9785,364,6236,555,-0.29673262047463556,-0.226974022284494,0.058382217635243754,-0.14300301412172745,0.6900687112541439,-0.5665517051464752
303,Retail,Porto,2599,3688,13829,492,10069,59,-0.26172698981822956,0.07254960427251982,0.1402154434036779,-0.1597434674598835,0.7961912787761706,-0.2962977673381086
304,Retail,Porto,161,7460,24773,617,11783,2410,-0.21978512362936864,0.9748449699343045,0.31325432784567186,-0.15807202160557038,1.0736756268580052,-0.06364079831886914
305,Retail,Porto,243,12939,8852,799,3909,211,-0.301634904652435,-0.172193349778609,0.08295270773480311,-0.14473892923311812,0.7158428849490933,-0.4597803580071116
306,Retail,Porto,6468,12867,21570,1840,7558,1543,-0.2100917734002111,0.6279404208248818,0.2517225798235934,-0.09774428805686668,1.1623273507654819,0.09421420451519567
307,HoReCa,Porto,17327,2374,2842,1149,351,925,-0.3146311319594244,-0.44538167611061363,-0.11599249809190135,0.02329847199286345,-0.6690218084401482,0.19385213849782632
308,HoReCa,Porto,6987,1020,3007,416,257,656,-0.29601452331062034,-0.4322603949850568,-0.11923779969542689,-0.06923561896189379,-0.5189455135166295,-0.4681537889877291
309,Retail,Porto,918,20655,13567,1465,6846,806,-0.2209885233914159,0.5451473798263963,0.24677299052436122,-0.12671493524353214,0.9931804792692724,-0.06913694644049534
310,HoReCa,Porto,7034,1492,2405,12569,299,1117,-0.18711377731222226,-0.46321086828547264,-0.10934907901765553,0.10043926671106729,-0.31282217485942154,0.2608908564633641
311,HoReCa,Porto,29635,2335,8280,3046,371,117,-0.3019206925899384,-0.4465254383849543,-0.08367699731926177,0.13859530198222816,-0.319208545119384,0.7930297003694692
312,Retail,Porto,2137,3737,19172,1274,17120,142,-0.2350892949020111,1.0284521584232966,0.3075583025586192,-0.1534703483970547,0.890916040785894,-0.06144189611358536
313,HoReCa,Porto,9784,925,2405,4447,183,297,-0.30907531771928864,-0.4294738405450299,-0.1335128129284124,0.0004633294094797351,-0.7192331356070807,-0.104293770890298
314,HoReCa,Porto,10617,1795,7647,1483,857,1233,-0.3168867065698665,-0.44047608603974997,-0.07415943248016668,-0.03616688821145516,-0.4569110654487578,-0.2589037719585421
315,Retail,Porto,1479,14982,11924,662,3891,3508,-0.10987290861306866,-0.0009696691040111594,0.14813963758150323,-0.10799129266082406,0.9043535177851381,-0.12062724542745389
316,HoReCa,Porto,7127,1375,2201,2679,83,1059,-0.31655110220024624,-0.42571579789381386,-0.12564586064161837,-0.03632504868525342,-0.6652328940847247,-0.3443341307738483
317,HoReCa,Porto,1182,3088,6114,978,821,1637,-0.31838631712205423,-0.4367603397920009,-0.06324078840833308,-0.1088347087615497,-0.12875578170180285,-0.7017269707194141
318,HoReCa,Porto,11800,2713,3558,2121,706,51,-0.30045964530216124,-0.4481810470201258,-0.10661332544184302,-0.020865607441589717,-0.6562242638040711,-0.18436871672425395
319,Retail,Porto,9759,25071,17645,1128,12408,1625,-0.034870349998835905,1.8310190658069385,0.4156532969394369,-0.05724504572652279,1.0905597610204618,0.2345911235507223
320,HoReCa,Porto,1774,3696,2280,514,275,834,-0.3079486779923683,-0.43545518315837806,-0.09745432326052156,-0.10617403952428635,-0.31668962986504795,-0.6583294268157115
321,HoReCa,Porto,9155,1897,5167,2714,228,1113,-0.31678646592800314,-0.4441415010357571,-0.10106874795171283,-0.026335691991600158,-0.6645996830197567,-0.2684999839766267
322,HoReCa,Porto,15881,713,3315,3703,1470,229,-0.3070180065367734,-0.4488734171566111,-0.11556056151912693,0.03132795375235804,-0.7022815062179568,0.21324857286927582
323,HoReCa,Porto,13360,944,11593,915,1679,573,-0.3045489970441077,-0.4107301522349842,-0.043233210757257244,-0.034954990104017036,-0.08822732469499653,-0.04220982699340008
324,HoReCa,Porto,25977,3587,2464,2369,140,1092,-0.30372918141500943,-0.44918888664797385,-0.11346383744892403,0.11563764498951476,-0.5344033333590475,0.697817610265849
325,HoReCa,Porto,32717,16784,13626,60869,1272,5609,8.367819048721492,-1.4859424122228904,0.3188345839369061,0.6021428733181939,0.15258131188846077,0.7078871237963968
326,HoReCa,Porto,4414,1610,1431,3498,387,834,-0.3149445425625139,-0.42293934656016563,-0.12411543738504321,-0.04906255497819721,-0.583667784201998,-0.42067820389073296
327,HoReCa,Porto,542,899,1664,414,88,522,-0.27940886217063915,-0.411814975421837,-0.12420937645573583,-0.11357400656708841,-0.39320011994737103,-0.6382144645970454
328,HoReCa,Porto,16933,2209,3389,7849,210,1534,-0.23609768611778306,-0.4603261518087147,-0.11288301575146853,0.11299831464771964,-0.5558661750866385,0.5895725940776332
329,HoReCa,Porto,5113,1486,4583,5127,492,739,-0.31248324131155525,-0.44223511780887753,-0.10407406565050001,-0.03003474226326974,-0.5118131843150712,-0.28813415230066314
330,HoReCa,Porto,9790,1786,5109,3570,182,1043,-0.314577545084673,-0.4450301755795661,-0.10451876437979357,-0.010648075600289108,-0.7049492664130238,-0.14609796263354183
331,Retail,Porto,11223,14881,26839,1234,9606,1102,-0.17836927070373118,1.3303387816337024,0.3465843284654715,-0.07163524673701825,1.141708551317394,0.24248097545472447
332,HoReCa,Porto,22321,3216,1447,2208,178,2602,-0.25819578810508076,-0.44843734174696664,-0.11256364818306754,0.09697248388712049,-0.5528001364520124,0.6188578310834182
333,Retail,Porto,8565,4980,67298,131,38102,1215,0.2083078413115392,12.28686845724058,0.767471326864568,0.10749299113468488,1.0109521748306196,0.20874710170997618
334,Retail,Porto,16823,928,2743,11559,332,3486,0.06250324884847129,-0.4970114338938194,-0.10286942503574938,0.18495456325335333,-0.3280744978996019,0.6292655661978214
335,Retail,Porto,27082,6817,10790,1365,4111,2139,-0.23390380320258788,-0.22586189955027947,0.04043329210167206,0.08940561882941614,0.38044754433304606,0.9367443168209798
336,HoReCa,Porto,13970,1511,1330,650,146,778,-0.3074769294520881,-0.429873023880722,-0.13346272864266062,-0.006847925489045772,-0.6757321934083567,-0.07042865977860008
337,HoReCa,Porto,9351,1347,2611,8170,442,868,-0.2822719836155896,-0.44490625278461554,-0.1204741652582701,0.05021942976410863,-0.525645339850069,0.1685565559398868
338,HoReCa,Porto,3,333,7021,15601,15,550,-0.16556378375489397,-0.48478148330583165,-0.07472002254683272,0.08598776855645604,-0.13315520956455132,0.14959856387358428
339,HoReCa,Porto,2617,1188,5332,9584,573,1942,-0.2119557160015287,-0.4621345353643119,-0.08600348772859324,0.02241240523381547,-0.24255610284942658,0.03697099597884279
340,Retail,Other,381,4025,9670,388,7271,1371,-0.3066206823598761,-0.20463393620562972,0.07122093074100164,-0.15702206817681105,0.6835234980278405,-0.535617547996619
341,Retail,Other,2320,5763,11238,767,5162,2158,-0.2934875034239345,-0.22228644056986585,0.06656808101480101,-0.12723235585826434,0.8115240249334553,-0.507845632056841
342,HoReCa,Other,255,5758,5923,349,4595,1328,-0.3134157904364033,-0.35182112279576366,0.013145962381068946,-0.1443431183959445,0.4259572607924377,-0.7410227377666561
343,Retail,Other,1689,6964,26316,1456,15469,37,-0.22773646922570215,1.4896270339412905,0.3675091347324782,-0.15446394962012497,1.0142972919430704,-0.023234001140344903
344,HoReCa,Other,3043,1172,1763,2234,217,379,-0.2972256780401578,-0.4186362993880386,-0.12676614222428378,-0.07728152485884777,-0.5159748690215457,-0.5402129782351112
345,HoReCa,Other,1198,2602,8335,402,3843,303,-0.28264552554559036,-0.3868733445404483,-0.012905961716949913,-0.14391358125485176,0.23555668626857743,-0.7538589361967507
346,Retail,Other,2771,6939,15541,2693,6600,1115,-0.28931511730840515,0.007914967225269775,0.12707767936608874,-0.11932448997039027,1.0079491095698638,-0.2520894145964686
347,Retail,Other,27380,7184,12311,2809,4621,1022,-0.260089681616798,-0.15915206508798127,0.05518128125521663,0.09593549490619586,0.4399120442019717,0.9591966048387215
348,HoReCa,Other,3428,2380,2028,1341,1184,665,-0.30521439756817026,-0.4373588726702395,-0.10125263892899983,-0.08998806823257363,-0.40727702945518346,-0.6286880278834235
349,Retail,Other,5981,14641,20521,2005,12218,445,-0.22305622368239647,1.1937717302696103,0.33278090491569157,-0.11269522089344738,1.125045918517941,0.08568602617229089
350,HoReCa,Other,3521,1099,1997,1796,173,995,-0.31185002832053577,-0.4189547532298737,-0.12322677297188138,-0.07454990688809383,-0.5170752112349332,-0.5307460752970894
351,Retail,Other,1210,10044,22294,1741,12638,3137,-0.12634714984018275,1.0818295822604866,0.3329973219805192,-0.1316503122958753,1.1156656328340768,0.023474132175757233
352,HoReCa,Other,608,1106,1533,830,90,195,-0.2694368877421679,-0.4133125867035308,-0.1259393529966216,-0.11072541177664169,-0.40828664414354365,-0.6339544220161565
353,Retail,Other,117,6264,21203,228,8682,1111,-0.2816496384010104,0.37880319168619664,0.21082830200352431,-0.17210624273549752,0.9994307732371107,-0.23760612367762915
354,HoReCa,Other,14039,7393,2548,6386,1333,2341,-0.1693256397687984,-0.44591503210277617,-0.05622672466057777,0.0700610285022442,-0.2782798168119758,0.5849161609969532
355,HoReCa,Other,190,727,2012,245,184,127,-0.253653569303725,-0.4164644482169762,-0.12286767479489906,-0.12157689118473695,-0.36805301506196225,-0.6546279942664646
356,HoReCa,Other,22686,134,218,3157,9,548,-0.30852973990463334,-0.41561563158699016,-0.1584521364951115,0.09902776857506175,-0.7190451711327753,0.4538181340566088
357,Retail,Other,37,1275,22272,137,6747,110,-0.25642856930480806,0.06217303670439244,0.13931920210604043,-0.1735799597683226,0.7352268027722353,-0.31707422478162145
358,HoReCa,Other,759,18664,1660,6114,536,4100,0.1899343823537319,-0.335550518860473,0.05717800449007257,-0.002099960448661198,0.3566824859020043,0.10082361553947608
359,HoReCa,Other,796,5878,2109,340,232,776,-0.3111285174691947,-0.43771018707988013,-0.0806512341613368,-0.11560320651388908,-0.19135297809949087,-0.6632464879611908
360,HoReCa,Other,19746,2872,2006,2601,468,503,-0.3119473614168291,-0.4465450872105988,-0.12105907976965434,0.05883301909953226,-0.6949081513247752,0.4048427167193007
361,HoReCa,Other,4734,607,864,1206,159,405,-0.28640477654554525,-0.4078495703397509,-0.13770241256651314,-0.07371710253333927,-0.554303534619882,-0.49497754712462294
362,HoReCa,Other,2121,1601,2453,560,179,712,-0.2963560312110702,-0.425844763627622,-0.11431081614940156,-0.10232363134301269,-0.399754260535734,-0.6264557320452169
363,HoReCa,Other,4627,997,4438,191,1335,314,-0.2761332739793107,-0.44380551479044494,-0.09386472821807343,-0.1007797939503941,-0.3281900525519338,-0.6200164649343598
364,HoReCa,Other,2615,873,1524,1103,514,468,-0.2875881097921057,-0.41893817071838846,-0.12403092194765428,-0.09378928430089581,-0.45946582842570877,-0.5910420733727753
365,Retail,Other,4692,6128,8025,1619,4515,3105,-0.2386966834387034,-0.30964451324467457,0.03697881338979897,-0.0837238036133228,0.6521952462450774,-0.337622175334725
366,HoReCa,Other,9561,2217,1664,1173,222,447,-0.30172385502171395,-0.4332335492985214,-0.1246829731814831,-0.040314732584162696,-0.6356023470953593,-0.32432015280893295
367,HoReCa,Other,3477,894,534,1457,252,342,-0.2858923015069975,-0.40726212865992806,-0.13583835903802038,-0.08069298176467198,-0.5268160051379535,-0.5306154986099323
368,HoReCa,Other,22335,1196,2406,2046,101,558,-0.3097715898292665,-0.44143979312192055,-0.13483755266097414,0.07691691413365533,-0.6601864363766897,0.44686772987376644
369,HoReCa,Other,6211,337,683,1089,41,296,-0.2801614135956659,-0.4036236454556338,-0.1441071599913075,-0.06335420809052718,-0.5935250425258285,-0.435484683497355
370,Retail,Other,39679,3944,4955,1364,523,2235,-0.2358131148985781,-0.4441022678662521,-0.0726842752194718,0.22928837134208266,-0.20316323983239395,0.9260991686237975
371,HoReCa,Other,20105,1887,1939,8164,716,790,-0.26531480146210584,-0.4565744180463831,-0.12300330027318834,0.13791073602375778,-0.5541130588192144,0.6389593069170736
372,HoReCa,Other,3884,3801,1641,876,397,4829,-0.14988522742451588,-0.45298686656987036,-0.07156323492337555,-0.04652898572830169,-0.12174898497729202,-0.17717387407652024
373,Retail,Other,15076,6257,7398,1504,1916,3113,-0.21492410553476493,-0.39088338171402,-0.014214025266712123,0.011533486620631653,0.11867552358515117,0.4760758663534386
374,HoReCa,Other,6338,2256,1668,1492,311,686,-0.3084788731549803,-0.4303176295382297,-0.11954573181491507,-0.06040003310245492,-0.5721769877713145,-0.46968594038964134
375,HoReCa,Other,5841,1450,1162,597,476,70,-0.26981890654326957,-0.4266470439249671,-0.12741428402371582,-0.0778908940451296,-0.5111954695120755,-0.5034719702684688
376,Retail,Other,3136,8630,13586,5641,4666,1426,-0.23875491694088838,-0.13185411706876074,0.09356686564172736,-0.06690948457482217,0.8756532066049275,-0.0731467142566624
377,HoReCa,Other,38793,3154,2648,1034,96,1242,-0.2918274534512235,-0.4513506072697423,-0.10608813252939521,0.21443866649369267,-0.3213177753085325,0.8279596517900469
378,HoReCa,Other,3225,3294,1902,282,68,1114,-0.3124970743755642,-0.4313643293287199,-0.10557246800939984,-0.09379634687684252,-0.37910846144000154,-0.5934955578846273
379,Retail,Other,4048,5164,10391,130,813,179,-0.2952087060599954,-0.40433477454255295,-0.02432194125341189,-0.11539458123675154,0.14897729492938405,-0.62211538740506
380,HoReCa,Other,28257,944,2146,3881,600,270,-0.3040506179230108,-0.4488468615599187,-0.13370264893919664,0.14733039800974967,-0.5598441406748551,0.699468318722617
381,HoReCa,Other,17770,4591,1617,9927,246,532,-0.23340244202175195,-0.4638726874339412,-0.10863966052369509,0.14365147388080457,-0.4241834181487256,0.587826314257164
382,HoReCa,Other,34454,7435,8469,2540,1711,2893,-0.12403340382509628,-0.34856501005336316,-0.002587438902351643,0.19246159827075282,0.06771860008186079,1.054302692554341
383,HoReCa,Other,1821,1364,3450,4006,397,361,-0.3080597046517223,-0.43175169089708104,-0.11178608686672482,-0.0692229208258306,-0.4480271579448585,-0.5034970290018209
384,HoReCa,Other,10683,21858,15400,3635,282,5120,0.5014491434110939,0.14208093063562932,0.1921089740555909,0.04362670366892484,0.7151098117570306,0.4082085070402828
385,HoReCa,Other,11635,922,1614,2583,192,1068,-0.315919172149027,-0.4247917929703958,-0.13494685072008175,-0.0008837949185272672,-0.7717294534576523,-0.08743854792198155
386,HoReCa,Other,1206,3620,2857,1945,353,967,-0.3167125733392156,-0.4364034722239943,-0.09388776247947427,-0.09461237558504244,-0.33719127200621013,-0.6513574174553886
387,HoReCa,Other,20918,1916,1573,1960,231,961,-0.3135998260125839,-0.439851759133764,-0.13116436277838286,0.06725563269125374,-0.6863766449919853,0.41725186724391206
388,HoReCa,Other,9785,848,1172,1677,200,406,-0.2980277196357775,-0.41970098013510515,-0.13914909854280663,-0.0306971012612164,-0.6881551904798363,-0.27137199382656374
389,HoReCa,Other,9385,1530,1422,3019,227,684,-0.3133699509798647,-0.42590621185739175,-0.1321495563175352,-0.016785885509123424,-0.7359648920774757,-0.21595663839870824
390,HoReCa,Other,3352,1181,1328,5502,311,1000,-0.3103367764577617,-0.41861062394169074,-0.12713450768406173,-0.02877484363536983,-0.5396332180177543,-0.28743272781143486
391,HoReCa,Other,2647,2761,2313,907,95,1827,-0.3182609591571264,-0.4300346018656907,-0.10258759223231,-0.08585758541900952,-0.3745097703729924,-0.561096545788485
392,HoReCa,Other,518,4180,3600,659,122,654,-0.3056827425793604,-0.43919354405878935,-0.08629495223067632,-0.11681190067436782,-0.2352237661386671,-0.7004494644655945
393,HoReCa,Other,23632,6730,3842,8620,385,819,-0.20587701612300843,-0.454806389004042,-0.07612262811207789,0.17278875636698707,-0.3069923447825507,0.8598834246874966
394,HoReCa,Other,12377,865,3204,1398,149,452,-0.30143327999882213,-0.4365252999934242,-0.12752770412452286,-0.016702513199340185,-0.6862633784373945,-0.1488409682118524
395,HoReCa,Other,9602,1316,1263,2921,841,290,-0.30431454054164153,-0.4319927519237682,-0.12868280254821807,-0.02224053678334477,-0.7004706802166855,-0.2381395067049771
396,Retail,Other,4515,11991,9345,2644,3378,2213,-0.22022781825671556,-0.2006557709033447,0.07541342994965577,-0.07517518365123754,0.8477254553506057,-0.16147521459395373
397,HoReCa,Other,11535,1666,1428,6838,64,743,-0.29728209965432006,-0.432336588692547,-0.134546262163993,0.0521692963574951,-0.6657485126168416,0.18735434791944922
398,HoReCa,Other,11442,1032,582,5390,74,247,-0.3078951347641596,-0.4161409904387649,-0.14743140250816417,0.029967476122797383,-0.7348507557246616,0.04966179824948589
399,HoReCa,Other,9612,577,935,1601,469,375,-0.2944875950510726,-0.4196127957763959,-0.13898911895487784,-0.03399350464912433,-0.6732966923213076,-0.2862245511698412
400,HoReCa,Other,4446,906,1238,3576,153,1014,-0.3152748559555294,-0.4120624356164927,-0.13252330626677633,-0.04405549725247924,-0.605825531668369,-0.3839056429373956
401,HoReCa,Other,27167,2801,2128,13223,92,1902,0.0029628708037812163,-0.5000412337864577,-0.1034269407169881,0.28293678627739516,-0.3200043017583247,0.8385421348222314
402,HoReCa,Other,26539,4753,5091,220,10,340,-0.3057674613720284,-0.44694831494320736,-0.088721957031164,0.08449739141604976,-0.3367409664094066,0.5709911012063277
403,HoReCa,Other,25606,11006,4604,127,632,288,-0.301126309213052,-0.3739964503352777,-0.030326768169839684,0.07336812560580118,-0.01023451152648938,0.5751302867974162
404,HoReCa,Other,18073,4613,3444,4324,914,715,-0.30273752352812666,-0.4482241774450322,-0.09124829769259207,0.06261778017913226,-0.6548229529763286,0.5727894385723392
405,HoReCa,Other,6884,1046,1167,2069,593,378,-0.2983642590197261,-0.42334618727500317,-0.13072272407357793,-0.05126735232950871,-0.6209689456012386,-0.4091018369683173
406,HoReCa,Other,25066,5010,5026,9806,1092,960,-0.17661212046596947,-0.46163419473477,-0.06969806169957748,0.19780501026993863,-0.25776538274697486,0.8996625578054168
407,Retail,Other,7362,12844,18683,2854,7883,553,-0.24871361979093476,0.4996812997024969,0.22377514219013908,-0.08783195383733337,1.127012562603361,0.09898631155950942
408,Retail,Other,8257,3880,6407,1646,2730,344,-0.3063420912277724,-0.41630308013886447,-0.043339722969766556,-0.06919919069013543,-0.1542679092730559,-0.6223734374386751
409,HoReCa,Other,8708,3634,6100,2349,2123,5137,-0.045881983163003306,-0.44519777869903004,-0.02116865951771692,-0.00576064616174699,0.10220396051105157,0.13858366860079904
410,HoReCa,Other,6633,2096,4563,1389,1860,1892,-0.3155381052106354,-0.439524178118539,-0.0726209356821452,-0.06363720845784132,-0.3522852930779527,-0.5132191063806761
411,HoReCa,Other,2126,3289,3281,1535,235,4365,-0.1857579846232361,-0.4507477852822478,-0.0700555267094959,-0.05946017411415062,-0.12302079499900874,-0.26837522430293803
412,HoReCa,Other,97,3605,12400,98,2970,62,-0.27520898135346633,-0.3432332718334859,0.01459528683684547,-0.1578714487616833,0.3973492161821381,-0.6907510512278513
413,HoReCa,Other,4983,4859,6633,17866,912,2435,0.23417627193720641,-0.5395503258257335,-0.019045344313182867,0.16813297259026405,0.006968068385103503,0.3947042083273856
414,HoReCa,Other,5969,1990,3417,5679,1135,290,-0.31014212656078366,-0.4453631881355719,-0.10287228352415786,-0.02131458587522279,-0.5012355105234046,-0.22369364195556368
415,Retail,Other,7842,6046,8552,1691,3540,1874,-0.29366149298366956,-0.33452076662196684,0.013103195188739241,-0.06706301441171132,0.6795503417737887,-0.563910587883569
416,Retail,Other,4389,10940,10908,848,6728,993,-0.2904106223522106,0.003282095714937149,0.12701006238418558,-0.1238919816801265,1.0109946545944557,-0.26935423510777784
417,HoReCa,Other,5065,5499,11055,364,3485,1063,-0.3102375560364484,-0.30523336771407056,0.026935110309024846,-0.11349599442897186,0.6126212294604699,-0.6264396437730326
418,Retail,Other,660,8494,18622,133,6740,776,-0.2875564686415993,0.19030739952194098,0.17326867684272332,-0.16657594754379368,1.0087233984149337,-0.3142118745526112
419,HoReCa,Other,8861,3783,2223,633,1580,1521,-0.31800023853632264,-0.4421499977000774,-0.08315380370410799,-0.05327827945935087,-0.4328552388072768,-0.406632369765543
420,HoReCa,Other,4456,5266,13227,25,6818,1393,-0.3012356784549294,-0.09327470519009468,0.09996427491938764,-0.13411038974350054,0.8873421107648832,-0.35909591516777617
421,Retail,Other,17063,4847,9053,1031,3415,1784,-0.2942264227512861,-0.3423998953507097,-0.0009217544030136309,-0.00013336818681490214,0.2762535278811045,0.5065622216036407
422,HoReCa,Other,26400,1377,4172,830,948,1218,-0.3109266765848974,-0.45221417998617675,-0.10483746285482401,0.09516356115762634,-0.4446824981858618,0.6097190358212853
423,Retail,Other,17565,3686,4657,1059,1803,668,-0.3118085520767554,-0.4396868068263905,-0.07461327288658519,0.010289160029070004,-0.47601326870379457,0.24945458491055655
424,Retail,Other,16980,2884,12232,874,3213,249,-0.2983036798264412,-0.33691250927602157,-0.003627967993825256,-0.01762756192559483,0.21069272619755525,0.23408484318175105
425,HoReCa,Other,11243,2408,2593,15348,108,1886,0.008379688078090822,-0.5036903932885405,-0.09250279686228471,0.18274617012429656,-0.2360236723856322,0.46479329072985937
426,HoReCa,Other,13134,9347,14316,3141,5079,1894,-0.2194481101771731,-0.030005203408552606,0.10972629675216594,-0.018494477641414892,1.1326647452831986,0.4523412923440143
427,HoReCa,Other,31012,16687,5429,15082,439,1163,0.3021542163666045,-0.323578519256532,0.04215571178045477,0.33143141807104437,0.11121969611923424,0.8918099341426833
428,HoReCa,Other,3047,5970,4910,2198,850,317,-0.31246197447548324,-0.4350089124605632,-0.05982329183383378,-0.0904464383044503,-0.1633340662207387,-0.6639662017023685
429,HoReCa,Other,8607,1750,3580,47,84,2501,-0.3102059764169816,-0.43783925915287913,-0.10156259145236324,-0.04587611829161517,-0.4240949937786322,-0.2736723663265649
430,HoReCa,Other,3097,4230,16483,575,241,2080,-0.30077829429605396,-0.34084117112878337,0.020739817734834624,-0.10406598020744931,0.40631206511663137,-0.3293434207861326
431,HoReCa,Other,8533,5506,5160,13486,1377,1498,-0.06756143236586508,-0.4837997020303505,-0.04304112614549691,0.11801576537767504,-0.06632014191494698,0.4082808973311824
432,HoReCa,Other,21117,1162,4754,269,1328,395,-0.29735839276600434,-0.453100643569293,-0.10071331063942003,0.033056401915568315,-0.4622008755276756,0.30977169142266286
433,HoReCa,Other,1982,3218,1493,1541,356,1449,-0.31875817384630056,-0.4295684989010188,-0.10374281415892854,-0.08683838934542228,-0.38938286254154175,-0.5905524722844295
434,HoReCa,Other,16731,3922,7994,688,2371,838,-0.31109649897605657,-0.4020189361475089,-0.037778126088739754,-0.008165550207274965,-0.14229845011639614,0.23064265409454063
435,HoReCa,Other,29703,12051,16027,13135,182,2204,0.31910529516740005,-0.22315704799931585,0.07652894365043854,0.2889279481542147,0.25119964707430503,0.9703442636368789
436,HoReCa,Other,39228,1431,764,4510,93,2346,-0.19986341344858444,-0.452927645484232,-0.12540030978304897,0.27476251987705835,-0.40017040878599164,0.9319810019193501
437,Retail,Other,14531,15488,30243,437,14841,1867,-0.07785050892318818,2.473392760792461,0.4717303535683484,-0.04821070230200182,1.1354324092019188,0.3062525759811337
438,HoReCa,Other,10290,1981,2232,1038,168,2125,-0.31208821675538784,-0.43457683885950493,-0.1138090519329331,-0.02296066867475296,-0.5946608317701936,-0.1799082157149278
439,HoReCa,Other,2787,1698,2510,65,477,52,-0.25968949344236025,-0.4347731475892084,-0.11228198277678642,-0.10935076300757585,-0.37028872632114607,-0.6312233940849092
